population;region;country;lat;lon;tool;toolset;tooltype;toolclass;toolgroup;use;preparation;sequence;popcomplexity;Toolcomplexity;Toolsetcomplexity;tooldetail;Behaviour
Bafing;W;Mali;12.98639809;-10.43459141;Ant dipping;Driver antnest;Antdip;Antdip;Ant;NA;NA;NA;NA;8;10;Ant dippingnest;Dip
Bafing;W;Mali;12.98639809;-10.43459141;Ant fishingprobe;Arboreal ants;Antfishing;Antfish;Ant;NA;NA;NA;NA;7;7;Ant fishingprobe;Dip
Bafing;W;Mali;12.98639809;-10.43459141;Ant perforatingstick;Driver antnest;Antperforate;Antdip;Ant;NA;NA;NA;NA;6;10;Ant perforatingstick;Perforate
Bafing;W;Mali;12.98639809;-10.43459141;Honey dig;Underground honeydig;Honeydig;Honeydig;Honey;NA;NA;NA;NA;6;10;Honey dig;Perforate
Bafing;W;Mali;12.98639809;-10.43459141;Honey dip;Underground stinglessbee;Honeydip;Honeydig;Honey;NA;NA;NA;NA;8;12;Honey dipumeli;Dip
Bafing;W;Mali;12.98639809;-10.43459141;Honey dipaerial;Aerial honey;Honeydip;Honeydip;Honey;NA;NA;NA;NA;22;36;Honey dipameli;Dip
Bafing;W;Mali;12.98639809;-10.43459141;Honey lever;Aerial honey;Honeylever;Honeydip;Honey;NA;NA;NA;NA;20;36;Honey leverameli;Perforate
Bafing;W;Mali;12.98639809;-10.43459141;Honey perforate;Underground stinglessbee;Honeyperforate;Honeydig;Honey;NA;NA;NA;NA;8;12;Honey perforate;Dig
Bafing;W;Mali;12.98639809;-10.43459141;Honey pound;Aerial honey;Honeypound;Honeydip;Honey;NA;NA;NA;NA;20;36;Honey poundmeli;Pound
Bafing;W;Mali;12.98639809;-10.43459141;Honey swab;Aerial honey;Honeyswab;Honeydip;Honey;NA;NA;NA;NA;22;36;Honey swab;Dip
Bafing;W;Mali;12.98639809;-10.43459141;Honey whiskswat;Honey whiskswat;Honeywhiskswat;Honeydip;Honey;NA;NA;NA;NA;1;1;Honey whiskswat;Whisk
Bafing;W;Mali;12.98639809;-10.43459141;Leafsponge;Leafsponge;Leafsponge;Leafsponge;Leaf;NA;NA;NA;NA;3;3;Leafsponge;Sponge
Bafing;W;Mali;12.98639809;-10.43459141;Marrow pick;Marrow;Marrowpick;Marrowpick;Marrow;NA;NA;NA;NA;1;1;Marrow pick;Dip
Bafing;W;Mali;12.98639809;-10.43459141;Nut branchanvil;Nut;Nutanvil;Nutcracking;Nut;NA;NA;NA;NA;9;9;Nut branchanvil;Smash
Bafing;W;Mali;12.98639809;-10.43459141;Nut pick;Nut;Nutpick;Nutcracking;Nut;NA;NA;NA;NA;9;9;Nut pick;Dip
Bafing;W;Mali;12.98639809;-10.43459141;Nut rootanvil;Nut;Nutanvil;Nutcracking;Nut;NA;NA;NA;NA;9;9;Nut rootanvil;Smash
Bafing;W;Mali;12.98639809;-10.43459141;Nut stoneanvil;Nut;Nutanvil;Nutcracking;Nut;NA;NA;NA;NA;9;9;Nut stoneanvil;Smash
Bafing;W;Mali;12.98639809;-10.43459141;Nut stonehammer;Nut;Nuthammer;Nutcracking;Nut;NA;NA;NA;NA;9;9;Nut stonehammer;Pound
Bafing;W;Mali;12.98639809;-10.43459141;Nut woodhammer;Nut;Nuthammer;Nutcracking;Nut;NA;NA;NA;NA;9;9;Nut woodhammer;Pound
Bafing;W;Mali;12.98639809;-10.43459141;Stone pound;Stonepound;Smash;Smash;Smash;NA;NA;NA;NA;1;1;Stone pound;Smash
Bafing;W;Mali;12.98639809;-10.43459141;Termite fishing;Epigaiec termitefishing;Termitefish;Termitefish;Termite;0;NA;0;NA;12;18;Termite fishingepigaeic;Dip
Bafing;W;Mali;12.98639809;-10.43459141;Termite fishing;Underground termitefishing;Termitefish;Termitedig;Termite;0;NA;0;NA;12;18;Termite fishingunder;Dip
Bafing;W;Mali;12.98639809;-10.43459141;Termite perforating;Epigaiec termitefishing;Termiteperforate;Termitefish;Termite;1;NA;1;NA;10;18;Termite perforating;Perforate
Bafing;W;Mali;12.98639809;-10.43459141;Termite puncturing;Underground termitefishing;Termitepuncture;Termitedig;Termite;0;NA;0;NA;10;18;Termite puncturing;Dig
Bafing;W;Mali;12.98639809;-10.43459141;Wood pound;Woodpound;Smash;Smash;Smash;NA;NA;NA;NA;1;1;Wood pound;Smash
Boe;W;GuineaBissau;11.86054725;-14.07014562;Ant dipping;Driver antnest;Antdip;Antdip;Ant;NA;NA;NA;NA;8;10;Ant dippingnest;Dip
Boe;W;GuineaBissau;11.86054725;-14.07014562;Ant fishingprobe;Arboreal ants;Antfishing;Antfish;Ant;NA;NA;NA;NA;7;7;Ant fishingprobe;Dip
Boe;W;GuineaBissau;11.86054725;-14.07014562;Ant perforatingstick;Driver antnest;Antperforate;Antdip;Ant;NA;NA;NA;NA;6;10;Ant perforatingstick;Perforate
Boe;W;GuineaBissau;11.86054725;-14.07014562;Honey dig;Underground honeydig;Honeydig;Honeydig;Honey;NA;NA;NA;NA;6;10;Honey dig;Perforate
Boe;W;GuineaBissau;11.86054725;-14.07014562;Honey dip;Underground stinglessbee;Honeydip;Honeydig;Honey;NA;NA;NA;NA;8;12;Honey dipumeli;Dip
Boe;W;GuineaBissau;11.86054725;-14.07014562;Honey dipaerial;Aerial honey;Honeydip;Honeydip;Honey;NA;NA;NA;NA;22;36;Honey dipameli;Dip
Boe;W;GuineaBissau;11.86054725;-14.07014562;Honey lever;Aerial honey;Honeylever;Honeydip;Honey;NA;NA;NA;NA;20;36;Honey leverameli;Perforate
Boe;W;GuineaBissau;11.86054725;-14.07014562;Honey perforate;Underground stinglessbee;Honeyperforate;Honeydig;Honey;NA;NA;NA;NA;8;12;Honey perforate;Dig
Boe;W;GuineaBissau;11.86054725;-14.07014562;Honey pound;Aerial honey;Honeypound;Honeydip;Honey;NA;NA;NA;NA;20;36;Honey poundmeli;Pound
Boe;W;GuineaBissau;11.86054725;-14.07014562;Honey swab;Aerial honey;Honeyswab;Honeydip;Honey;NA;NA;NA;NA;22;36;Honey swab;Dip
Boe;W;GuineaBissau;11.86054725;-14.07014562;Honey whiskswat;Honey whiskswat;Honeywhiskswat;Honeydip;Honey;NA;NA;NA;NA;1;1;Honey whiskswat;Whisk
Boe;W;GuineaBissau;11.86054725;-14.07014562;Leafsponge;Leafsponge;Leafsponge;Leafsponge;Leaf;NA;NA;NA;NA;3;3;Leafsponge;Sponge
Boe;W;GuineaBissau;11.86054725;-14.07014562;Marrow pick;Marrow;Marrowpick;Marrowpick;Marrow;NA;NA;NA;NA;1;1;Marrow pick;Dip
Boe;W;GuineaBissau;11.86054725;-14.07014562;Nut branchanvil;Nut;Nutanvil;Nutcracking;Nut;0;NA;0;NA;9;9;Nut branchanvil;Smash
Boe;W;GuineaBissau;11.86054725;-14.07014562;Nut pick;Nut;Nutpick;Nutcracking;Nut;NA;NA;NA;NA;9;9;Nut pick;Dip
Boe;W;GuineaBissau;11.86054725;-14.07014562;Nut rootanvil;Nut;Nutanvil;Nutcracking;Nut;1;NA;2;NA;9;9;Nut rootanvil;Smash
Boe;W;GuineaBissau;11.86054725;-14.07014562;Nut stoneanvil;Nut;Nutanvil;Nutcracking;Nut;1;NA;2;NA;9;9;Nut stoneanvil;Smash
Boe;W;GuineaBissau;11.86054725;-14.07014562;Nut stonehammer;Nut;Nuthammer;Nutcracking;Nut;1;NA;2;NA;9;9;Nut stonehammer;Pound
Boe;W;GuineaBissau;11.86054725;-14.07014562;Nut woodhammer;Nut;Nuthammer;Nutcracking;Nut;0;NA;0;NA;9;9;Nut woodhammer;Pound
Boe;W;GuineaBissau;11.86054725;-14.07014562;Stone pound;Stonepound;Smash;Smash;Smash;NA;NA;NA;NA;1;1;Stone pound;Smash
Boe;W;GuineaBissau;11.86054725;-14.07014562;Termite fishing;Epigaiec termitefishing;Termitefish;Termitefish;Termite;NA;NA;NA;NA;12;18;Termite fishingepigaeic;Dip
Boe;W;GuineaBissau;11.86054725;-14.07014562;Termite fishing;Underground termitefishing;Termitefish;Termitedig;Termite;NA;NA;NA;NA;12;18;Termite fishingunder;Dip
Boe;W;GuineaBissau;11.86054725;-14.07014562;Termite perforating;Epigaiec termitefishing;Termiteperforate;Termitefish;Termite;NA;NA;NA;NA;10;18;Termite perforating;Perforate
Boe;W;GuineaBissau;11.86054725;-14.07014562;Termite puncturing;Underground termitefishing;Termitepuncture;Termitedig;Termite;NA;NA;NA;NA;10;18;Termite puncturing;Dig
Boe;W;GuineaBissau;11.86054725;-14.07014562;Wood pound;Woodpound;Smash;Smash;Smash;NA;NA;NA;NA;1;1;Wood pound;Smash
Budongo;E;Uganda;1.736033555;31.531515;Ant dipping;Driver antnest;Antdip;Antdip;Ant;0;NA;0;NA;8;10;Ant dippingnest;Dip
Budongo;E;Uganda;1.736033555;31.531515;Ant fishingprobe;Arboreal ants;Antfishing;Antfish;Ant;NA;NA;NA;NA;7;7;Ant fishingprobe;Dip
Budongo;E;Uganda;1.736033555;31.531515;Ant perforatingstick;Driver antnest;Antperforate;Antdip;Ant;0;NA;0;NA;6;10;Ant perforatingstick;Perforate
Budongo;E;Uganda;1.736033555;31.531515;Honey dig;Underground honeydig;Honeydig;Honeydig;Honey;0;NA;0;NA;6;10;Honey dig;Perforate
Budongo;E;Uganda;1.736033555;31.531515;Honey dip;Underground stinglessbee;Honeydip;Honeydig;Honey;0;NA;0;NA;8;12;Honey dipumeli;Dip
Budongo;E;Uganda;1.736033555;31.531515;Honey dipaerial;Aerial honey;Honeydip;Honeydip;Honey;NA;NA;NA;NA;22;36;Honey dipameli;Dip
Budongo;E;Uganda;1.736033555;31.531515;Honey lever;Aerial honey;Honeylever;Honeydip;Honey;0;NA;0;NA;20;36;Honey leverameli;Perforate
Budongo;E;Uganda;1.736033555;31.531515;Honey perforate;Underground stinglessbee;Honeyperforate;Honeydig;Honey;0;NA;0;NA;8;12;Honey perforate;Dig
Budongo;E;Uganda;1.736033555;31.531515;Honey pound;Aerial honey;Honeypound;Honeydip;Honey;0;NA;0;NA;20;36;Honey poundmeli;Pound
Budongo;E;Uganda;1.736033555;31.531515;Honey swab;Aerial honey;Honeyswab;Honeydip;Honey;0;NA;0;NA;22;36;Honey swab;Dip
Budongo;E;Uganda;1.736033555;31.531515;Honey whiskswat;Honey whiskswat;Honeywhiskswat;Honeydip;Honey;0;NA;0;NA;1;1;Honey whiskswat;Whisk
Budongo;E;Uganda;1.736033555;31.531515;Leafsponge;Leafsponge;Leafsponge;Leafsponge;Leaf;1;1;1;3;3;3;Leafsponge;Sponge
Budongo;E;Uganda;1.736033555;31.531515;Marrow pick;Marrow;Marrowpick;Marrowpick;Marrow;0;NA;0;NA;1;1;Marrow pick;Dip
Budongo;E;Uganda;1.736033555;31.531515;Nut branchanvil;Nut;Nutanvil;Nutcracking;Nut;0;NA;0;NA;9;9;Nut branchanvil;Smash
Budongo;E;Uganda;1.736033555;31.531515;Nut pick;Nut;Nutpick;Nutcracking;Nut;0;NA;0;NA;9;9;Nut pick;Dip
Budongo;E;Uganda;1.736033555;31.531515;Nut rootanvil;Nut;Nutanvil;Nutcracking;Nut;0;NA;0;NA;9;9;Nut rootanvil;Smash
Budongo;E;Uganda;1.736033555;31.531515;Nut stoneanvil;Nut;Nutanvil;Nutcracking;Nut;0;NA;0;NA;9;9;Nut stoneanvil;Smash
Budongo;E;Uganda;1.736033555;31.531515;Nut stonehammer;Nut;Nuthammer;Nutcracking;Nut;0;NA;0;NA;9;9;Nut stonehammer;Pound
Budongo;E;Uganda;1.736033555;31.531515;Nut woodhammer;Nut;Nuthammer;Nutcracking;Nut;0;NA;0;NA;9;9;Nut woodhammer;Pound
Budongo;E;Uganda;1.736033555;31.531515;Stone pound;Stonepound;Smash;Smash;Smash;0;NA;0;NA;1;1;Stone pound;Smash
Budongo;E;Uganda;1.736033555;31.531515;Termite fishing;Epigaiec termitefishing;Termitefish;Termitefish;Termite;NA;NA;NA;NA;12;18;Termite fishingepigaeic;Dip
Budongo;E;Uganda;1.736033555;31.531515;Termite fishing;Underground termitefishing;Termitefish;Termitedig;Termite;0;NA;0;NA;12;18;Termite fishingunder;Dip
Budongo;E;Uganda;1.736033555;31.531515;Termite perforating;Epigaiec termitefishing;Termiteperforate;Termitefish;Termite;0;NA;0;NA;10;18;Termite perforating;Perforate
Budongo;E;Uganda;1.736033555;31.531515;Termite puncturing;Underground termitefishing;Termitepuncture;Termitedig;Termite;0;NA;0;NA;10;18;Termite puncturing;Dig
Budongo;E;Uganda;1.736033555;31.531515;Wood pound;Woodpound;Smash;Smash;Smash;1;0;1;1;1;1;Wood pound;Smash
Bwindi;E;Uganda;-1.04902414;29.76635121;Ant dipping;Driver antnest;Antdip;Antdip;Ant;NA;NA;NA;NA;8;10;Ant dippingnest;Dip
Bwindi;E;Uganda;-1.04902414;29.76635121;Ant fishingprobe;Arboreal ants;Antfishing;Antfish;Ant;NA;NA;NA;NA;7;7;Ant fishingprobe;Dip
Bwindi;E;Uganda;-1.04902414;29.76635121;Ant perforatingstick;Driver antnest;Antperforate;Antdip;Ant;NA;NA;NA;NA;6;10;Ant perforatingstick;Perforate
Bwindi;E;Uganda;-1.04902414;29.76635121;Honey dig;Underground honeydig;Honeydig;Honeydig;Honey;0;NA;0;NA;6;10;Honey dig;Perforate
Bwindi;E;Uganda;-1.04902414;29.76635121;Honey dip;Underground stinglessbee;Honeydip;Honeydig;Honey;0;NA;0;NA;8;12;Honey dipumeli;Dip
Bwindi;E;Uganda;-1.04902414;29.76635121;Honey dipaerial;Aerial honey;Honeydip;Honeydip;Honey;1;NA;1;NA;22;36;Honey dipameli;Dip
Bwindi;E;Uganda;-1.04902414;29.76635121;Honey lever;Aerial honey;Honeylever;Honeydip;Honey;0;NA;0;NA;13;23;Honey leverapis;Perforate
Bwindi;E;Uganda;-1.04902414;29.76635121;Honey perforate;Underground stinglessbee;Honeyperforate;Honeydig;Honey;0;NA;0;NA;8;12;Honey perforate;Dig
Bwindi;E;Uganda;-1.04902414;29.76635121;Honey pound;Aerial honey;Honeypound;Honeydip;Honey;0;NA;0;NA;20;36;Honey poundmeli;Pound
Bwindi;E;Uganda;-1.04902414;29.76635121;Honey swab;Aerial honey;Honeyswab;Honeydip;Honey;0;NA;0;NA;22;36;Honey swab;Dip
Bwindi;E;Uganda;-1.04902414;29.76635121;Honey whiskswat;Honey whiskswat;Honeywhiskswat;Honeydip;Honey;0;NA;0;NA;1;1;Honey whiskswat;Whisk
Bwindi;E;Uganda;-1.04902414;29.76635121;Leafsponge;Leafsponge;Leafsponge;Leafsponge;Leaf;NA;NA;NA;NA;3;3;Leafsponge;Sponge
Bwindi;E;Uganda;-1.04902414;29.76635121;Marrow pick;Marrow;Marrowpick;Marrowpick;Marrow;NA;NA;NA;NA;1;1;Marrow pick;Dip
Bwindi;E;Uganda;-1.04902414;29.76635121;Nut branchanvil;Nut;Nutanvil;Nutcracking;Nut;NA;NA;NA;NA;9;9;Nut branchanvil;Smash
Bwindi;E;Uganda;-1.04902414;29.76635121;Nut pick;Nut;Nutpick;Nutcracking;Nut;NA;NA;NA;NA;9;9;Nut pick;Dip
Bwindi;E;Uganda;-1.04902414;29.76635121;Nut rootanvil;Nut;Nutanvil;Nutcracking;Nut;NA;NA;NA;NA;9;9;Nut rootanvil;Smash
Bwindi;E;Uganda;-1.04902414;29.76635121;Nut stoneanvil;Nut;Nutanvil;Nutcracking;Nut;NA;NA;NA;NA;9;9;Nut stoneanvil;Smash
Bwindi;E;Uganda;-1.04902414;29.76635121;Nut stonehammer;Nut;Nuthammer;Nutcracking;Nut;NA;NA;NA;NA;9;9;Nut stonehammer;Pound
Bwindi;E;Uganda;-1.04902414;29.76635121;Nut woodhammer;Nut;Nuthammer;Nutcracking;Nut;NA;NA;NA;NA;9;9;Nut woodhammer;Pound
Bwindi;E;Uganda;-1.04902414;29.76635121;Stone pound;Stonepound;Smash;Smash;Smash;NA;NA;NA;NA;1;1;Stone pound;Smash
Bwindi;E;Uganda;-1.04902414;29.76635121;Termite fishing;Epigaiec termitefishing;Termitefish;Termitefish;Termite;NA;NA;NA;NA;12;18;Termite fishingepigaeic;Dip
Bwindi;E;Uganda;-1.04902414;29.76635121;Termite fishing;Underground termitefishing;Termitefish;Termitedig;Termite;NA;NA;NA;NA;12;18;Termite fishingunder;Dip
Bwindi;E;Uganda;-1.04902414;29.76635121;Termite perforating;Epigaiec termitefishing;Termiteperforate;Termitefish;Termite;NA;NA;NA;NA;10;18;Termite perforating;Perforate
Bwindi;E;Uganda;-1.04902414;29.76635121;Termite puncturing;Underground termitefishing;Termitepuncture;Termitedig;Termite;NA;NA;NA;NA;10;18;Termite puncturing;Dig
Bwindi;E;Uganda;-1.04902414;29.76635121;Wood pound;Woodpound;Smash;Smash;Smash;NA;NA;NA;NA;1;1;Wood pound;Smash
Comoe;W;Cote dIvoire;8.841651;-3.70789;Ant dipping;Driver antnest;Antdip;Antdip;Ant;1;NA;NA;NA;8;10;Ant dippingnest;Dip
Comoe;W;Cote dIvoire;8.841651;-3.70789;Ant fishingprobe;Arboreal ants;Antfishing;Antfish;Ant;1;NA;NA;NA;7;7;Ant fishingprobe;Dip
Comoe;W;Cote dIvoire;8.841651;-3.70789;Ant perforatingstick;Driver antnest;Antperforate;Antdip;Ant;NA;NA;NA;NA;6;10;Ant perforatingstick;Perforate
Comoe;W;Cote dIvoire;8.841651;-3.70789;Honey dig;Underground honeydig;Honeydig;Honeydig;Honey;0;NA;0;NA;6;10;Honey dig;Perforate
Comoe;W;Cote dIvoire;8.841651;-3.70789;Honey dip;Underground stinglessbee;Honeydip;Honeydig;Honey;0;NA;0;NA;8;12;Honey dipumeli;Dip
Comoe;W;Cote dIvoire;8.841651;-3.70789;Honey dipaerial;Aerial honey;Honeydip;Honeydip;Honey;1;3;2;10;22;36;Honey dipameli;Dip
Comoe;W;Cote dIvoire;8.841651;-3.70789;Honey lever;Aerial honey;Honeylever;Honeydip;Honey;1;2;2;8;13;23;Honey leverapis;Perforate
Comoe;W;Cote dIvoire;8.841651;-3.70789;Honey perforate;Underground stinglessbee;Honeyperforate;Honeydig;Honey;0;NA;0;NA;8;12;Honey perforate;Dig
Comoe;W;Cote dIvoire;8.841651;-3.70789;Honey pound;Aerial honey;Honeypound;Honeydip;Honey;0;NA;0;NA;20;36;Honey poundmeli;Pound
Comoe;W;Cote dIvoire;8.841651;-3.70789;Honey swab;Aerial honey;Honeyswab;Honeydip;Honey;0;NA;0;NA;22;36;Honey swab;Dip
Comoe;W;Cote dIvoire;8.841651;-3.70789;Honey whiskswat;Honey whiskswat;Honeywhiskswat;Honeydip;Honey;0;NA;0;NA;1;1;Honey whiskswat;Whisk
Comoe;W;Cote dIvoire;8.841651;-3.70789;Leafsponge;Leafsponge;Leafsponge;Leafsponge;Leaf;1;1;1;3;3;3;Leafsponge;Sponge
Comoe;W;Cote dIvoire;8.841651;-3.70789;Marrow pick;Marrow;Marrowpick;Marrowpick;Marrow;NA;NA;NA;NA;1;1;Marrow pick;Dip
Comoe;W;Cote dIvoire;8.841651;-3.70789;Nut branchanvil;Nut;Nutanvil;Nutcracking;Nut;0;NA;0;NA;9;9;Nut branchanvil;Smash
Comoe;W;Cote dIvoire;8.841651;-3.70789;Nut pick;Nut;Nutpick;Nutcracking;Nut;NA;NA;NA;NA;9;9;Nut pick;Dip
Comoe;W;Cote dIvoire;8.841651;-3.70789;Nut rootanvil;Nut;Nutanvil;Nutcracking;Nut;0;NA;0;NA;9;9;Nut rootanvil;Smash
Comoe;W;Cote dIvoire;8.841651;-3.70789;Nut stoneanvil;Nut;Nutanvil;Nutcracking;Nut;0;NA;0;NA;9;9;Nut stoneanvil;Smash
Comoe;W;Cote dIvoire;8.841651;-3.70789;Nut stonehammer;Nut;Nuthammer;Nutcracking;Nut;0;NA;0;NA;9;9;Nut stonehammer;Pound
Comoe;W;Cote dIvoire;8.841651;-3.70789;Nut woodhammer;Nut;Nuthammer;Nutcracking;Nut;0;NA;0;NA;9;9;Nut woodhammer;Pound
Comoe;W;Cote dIvoire;8.841651;-3.70789;Stone pound;Stonepound;Smash;Smash;Smash;1;NA;NA;NA;1;1;Stone pound;Smash
Comoe;W;Cote dIvoire;8.841651;-3.70789;Termite fishing;Epigaiec termitefishing;Termitefish;Termitefish;Termite;1;NA;NA;NA;12;18;Termite fishingepigaeic;Dip
Comoe;W;Cote dIvoire;8.841651;-3.70789;Termite fishing;Underground termitefishing;Termitefish;Termitedig;Termite;NA;NA;NA;NA;12;18;Termite fishingunder;Dip
Comoe;W;Cote dIvoire;8.841651;-3.70789;Termite perforating;Epigaiec termitefishing;Termiteperforate;Termitefish;Termite;0;NA;0;NA;10;18;Termite perforating;Perforate
Comoe;W;Cote dIvoire;8.841651;-3.70789;Termite puncturing;Underground termitefishing;Termitepuncture;Termitedig;Termite;0;NA;0;NA;10;18;Termite puncturing;Dig
Comoe;W;Cote dIvoire;8.841651;-3.70789;Wood pound;Woodpound;Smash;Smash;Smash;1;NA;NA;NA;1;1;Wood pound;Smash
Dindefelo;W;Senegal;12.36026396;-12.39585383;Ant dipping;Driver antnest;Antdip;Antdip;Ant;NA;NA;NA;NA;8;10;Ant dippingnest;Dip
Dindefelo;W;Senegal;12.36026396;-12.39585383;Ant fishingprobe;Arboreal ants;Antfishing;Antfish;Ant;NA;NA;NA;NA;7;7;Ant fishingprobe;Dip
Dindefelo;W;Senegal;12.36026396;-12.39585383;Ant perforatingstick;Driver antnest;Antperforate;Antdip;Ant;NA;NA;NA;NA;6;10;Ant perforatingstick;Perforate
Dindefelo;W;Senegal;12.36026396;-12.39585383;Honey dig;Underground honeydig;Honeydig;Honeydig;Honey;NA;NA;NA;NA;6;10;Honey dig;Perforate
Dindefelo;W;Senegal;12.36026396;-12.39585383;Honey dip;Underground stinglessbee;Honeydip;Honeydig;Honey;NA;NA;NA;NA;8;12;Honey dipumeli;Dip
Dindefelo;W;Senegal;12.36026396;-12.39585383;Honey dipaerial;Aerial honey;Honeydip;Honeydip;Honey;NA;NA;NA;NA;22;36;Honey dipameli;Dip
Dindefelo;W;Senegal;12.36026396;-12.39585383;Honey lever;Aerial honey;Honeylever;Honeydip;Honey;NA;NA;NA;NA;13;23;Honey leverapis;Perforate
Dindefelo;W;Senegal;12.36026396;-12.39585383;Honey perforate;Underground stinglessbee;Honeyperforate;Honeydig;Honey;NA;NA;NA;NA;8;12;Honey perforate;Dig
Dindefelo;W;Senegal;12.36026396;-12.39585383;Honey pound;Aerial honey;Honeypound;Honeydip;Honey;NA;NA;NA;NA;20;36;Honey poundmeli;Pound
Dindefelo;W;Senegal;12.36026396;-12.39585383;Honey swab;Aerial honey;Honeyswab;Honeydip;Honey;NA;NA;NA;NA;22;36;Honey swab;Dip
Dindefelo;W;Senegal;12.36026396;-12.39585383;Honey whiskswat;Honey whiskswat;Honeywhiskswat;Honeydip;Honey;NA;NA;NA;NA;1;1;Honey whiskswat;Whisk
Dindefelo;W;Senegal;12.36026396;-12.39585383;Leafsponge;Leafsponge;Leafsponge;Leafsponge;Leaf;NA;NA;NA;NA;3;3;Leafsponge;Sponge
Dindefelo;W;Senegal;12.36026396;-12.39585383;Marrow pick;Marrow;Marrowpick;Marrowpick;Marrow;NA;NA;NA;NA;1;1;Marrow pick;Dip
Dindefelo;W;Senegal;12.36026396;-12.39585383;Nut branchanvil;Nut;Nutanvil;Nutcracking;Nut;NA;NA;NA;NA;9;9;Nut branchanvil;Smash
Dindefelo;W;Senegal;12.36026396;-12.39585383;Nut pick;Nut;Nutpick;Nutcracking;Nut;NA;NA;NA;NA;9;9;Nut pick;Dip
Dindefelo;W;Senegal;12.36026396;-12.39585383;Nut rootanvil;Nut;Nutanvil;Nutcracking;Nut;NA;NA;NA;NA;9;9;Nut rootanvil;Smash
Dindefelo;W;Senegal;12.36026396;-12.39585383;Nut stoneanvil;Nut;Nutanvil;Nutcracking;Nut;NA;NA;NA;NA;9;9;Nut stoneanvil;Smash
Dindefelo;W;Senegal;12.36026396;-12.39585383;Nut stonehammer;Nut;Nuthammer;Nutcracking;Nut;NA;NA;NA;NA;9;9;Nut stonehammer;Pound
Dindefelo;W;Senegal;12.36026396;-12.39585383;Nut woodhammer;Nut;Nuthammer;Nutcracking;Nut;NA;NA;NA;NA;9;9;Nut woodhammer;Pound
Dindefelo;W;Senegal;12.36026396;-12.39585383;Stone pound;Stonepound;Smash;Smash;Smash;NA;NA;NA;NA;1;1;Stone pound;Smash
Dindefelo;W;Senegal;12.36026396;-12.39585383;Termite fishing;Epigaiec termitefishing;Termitefish;Termitefish;Termite;1;NA;2;NA;12;18;Termite fishingepigaeic;Dip
Dindefelo;W;Senegal;12.36026396;-12.39585383;Termite fishing;Underground termitefishing;Termitefish;Termitedig;Termite;0;NA;0;NA;12;18;Termite fishingunder;Dip
Dindefelo;W;Senegal;12.36026396;-12.39585383;Termite perforating;Epigaiec termitefishing;Termiteperforate;Termitefish;Termite;1;NA;2;NA;10;18;Termite perforating;Perforate
Dindefelo;W;Senegal;12.36026396;-12.39585383;Termite puncturing;Underground termitefishing;Termitepuncture;Termitedig;Termite;0;NA;0;NA;10;18;Termite puncturing;Dig
Dindefelo;W;Senegal;12.36026396;-12.39585383;Wood pound;Woodpound;Smash;Smash;Smash;NA;NA;NA;NA;1;1;Wood pound;Smash
Djouroutou;W;Cote dIvoire;5.411101561;-7.205258661;Ant dipping;Driver antnest;Antdip;Antdip;Ant;NA;NA;NA;NA;8;10;Ant dippingnest;Dip
Djouroutou;W;Cote dIvoire;5.411101561;-7.205258661;Ant fishingprobe;Arboreal ants;Antfishing;Antfish;Ant;NA;NA;NA;NA;7;7;Ant fishingprobe;Dip
Djouroutou;W;Cote dIvoire;5.411101561;-7.205258661;Ant perforatingstick;Driver antnest;Antperforate;Antdip;Ant;NA;NA;NA;NA;6;10;Ant perforatingstick;Perforate
Djouroutou;W;Cote dIvoire;5.411101561;-7.205258661;Honey dig;Underground honeydig;Honeydig;Honeydig;Honey;NA;NA;NA;NA;6;10;Honey dig;Perforate
Djouroutou;W;Cote dIvoire;5.411101561;-7.205258661;Honey dip;Underground stinglessbee;Honeydip;Honeydig;Honey;NA;NA;NA;NA;8;12;Honey dipumeli;Dip
Djouroutou;W;Cote dIvoire;5.411101561;-7.205258661;Honey dipaerial;Aerial honey;Honeydip;Honeydip;Honey;NA;NA;NA;NA;22;36;Honey dipameli;Dip
Djouroutou;W;Cote dIvoire;5.411101561;-7.205258661;Honey lever;Aerial honey;Honeylever;Honeydip;Honey;NA;NA;NA;NA;13;23;Honey leverapis;Perforate
Djouroutou;W;Cote dIvoire;5.411101561;-7.205258661;Honey perforate;Underground stinglessbee;Honeyperforate;Honeydig;Honey;NA;NA;NA;NA;8;12;Honey perforate;Dig
Djouroutou;W;Cote dIvoire;5.411101561;-7.205258661;Honey pound;Aerial honey;Honeypound;Honeydip;Honey;NA;NA;NA;NA;20;36;Honey poundmeli;Pound
Djouroutou;W;Cote dIvoire;5.411101561;-7.205258661;Honey swab;Aerial honey;Honeyswab;Honeydip;Honey;NA;NA;NA;NA;22;36;Honey swab;Dip
Djouroutou;W;Cote dIvoire;5.411101561;-7.205258661;Honey whiskswat;Honey whiskswat;Honeywhiskswat;Honeydip;Honey;NA;NA;NA;NA;1;1;Honey whiskswat;Whisk
Djouroutou;W;Cote dIvoire;5.411101561;-7.205258661;Leafsponge;Leafsponge;Leafsponge;Leafsponge;Leaf;NA;NA;NA;NA;3;3;Leafsponge;Sponge
Djouroutou;W;Cote dIvoire;5.411101561;-7.205258661;Marrow pick;Marrow;Marrowpick;Marrowpick;Marrow;NA;NA;NA;NA;1;1;Marrow pick;Dip
Djouroutou;W;Cote dIvoire;5.411101561;-7.205258661;Nut branchanvil;Nut;Nutanvil;Nutcracking;Nut;0;NA;0;NA;9;9;Nut branchanvil;Smash
Djouroutou;W;Cote dIvoire;5.411101561;-7.205258661;Nut pick;Nut;Nutpick;Nutcracking;Nut;NA;NA;NA;NA;9;9;Nut pick;Dip
Djouroutou;W;Cote dIvoire;5.411101561;-7.205258661;Nut rootanvil;Nut;Nutanvil;Nutcracking;Nut;1;NA;2;NA;9;9;Nut rootanvil;Smash
Djouroutou;W;Cote dIvoire;5.411101561;-7.205258661;Nut stoneanvil;Nut;Nutanvil;Nutcracking;Nut;1;NA;2;NA;9;9;Nut stoneanvil;Smash
Djouroutou;W;Cote dIvoire;5.411101561;-7.205258661;Nut stonehammer;Nut;Nuthammer;Nutcracking;Nut;1;NA;2;NA;9;9;Nut stonehammer;Pound
Djouroutou;W;Cote dIvoire;5.411101561;-7.205258661;Nut woodhammer;Nut;Nuthammer;Nutcracking;Nut;0;NA;0;NA;9;9;Nut woodhammer;Pound
Djouroutou;W;Cote dIvoire;5.411101561;-7.205258661;Stone pound;Stonepound;Smash;Smash;Smash;NA;NA;NA;NA;1;1;Stone pound;Smash
Djouroutou;W;Cote dIvoire;5.411101561;-7.205258661;Termite fishing;Epigaiec termitefishing;Termitefish;Termitefish;Termite;NA;NA;NA;NA;12;18;Termite fishingepigaeic;Dip
Djouroutou;W;Cote dIvoire;5.411101561;-7.205258661;Termite fishing;Underground termitefishing;Termitefish;Termitedig;Termite;NA;NA;NA;NA;12;18;Termite fishingunder;Dip
Djouroutou;W;Cote dIvoire;5.411101561;-7.205258661;Termite perforating;Epigaiec termitefishing;Termiteperforate;Termitefish;Termite;NA;NA;NA;NA;10;18;Termite perforating;Perforate
Djouroutou;W;Cote dIvoire;5.411101561;-7.205258661;Termite puncturing;Underground termitefishing;Termitepuncture;Termitedig;Termite;NA;NA;NA;NA;10;18;Termite puncturing;Dig
Djouroutou;W;Cote dIvoire;5.411101561;-7.205258661;Wood pound;Woodpound;Smash;Smash;Smash;NA;NA;NA;NA;1;1;Wood pound;Smash
Gashaka;NC;Nigeria;7.325203143;11.57910159;Ant dipping;Driver antnest;Antdip;Antdip;Ant;1;2;1;5;8;10;Ant dippingnest;Dip
Gashaka;NC;Nigeria;7.325203143;11.57910159;Ant fishingprobe;Arboreal ants;Antfishing;Antfish;Ant;1;1;1;3;7;7;Ant fishingprobe;Dip
Gashaka;NC;Nigeria;7.325203143;11.57910159;Ant perforatingstick;Driver antnest;Antperforate;Antdip;Ant;NA;NA;NA;NA;6;10;Ant perforatingstick;Perforate
Gashaka;NC;Nigeria;7.325203143;11.57910159;Honey dig;Underground honeydig;Honeydig;Honeydig;Honey;1;1;2;6;6;10;Honey dig;Perforate
Gashaka;NC;Nigeria;7.325203143;11.57910159;Honey dip;Underground honeydig;Honeydip;Honeydig;Honey;1;1;2;6;8;12;Honey dipumeli;Dip
Gashaka;NC;Nigeria;7.325203143;11.57910159;Honey dipaerial;Aerial honey;Honeydip;Honeydip;Honey;1;2;1;5;15;23;Honey dipapis;Dip
Gashaka;NC;Nigeria;7.325203143;11.57910159;Honey lever;Aerial honey;Honeylever;Honeydip;Honey;0;NA;0;11;13;23;Honey leverapis;Perforate
Gashaka;NC;Nigeria;7.325203143;11.57910159;Honey perforate;Underground stinglessbee;Honeyperforate;Honeydig;Honey;0;NA;0;NA;8;12;Honey perforate;Dig
Gashaka;NC;Nigeria;7.325203143;11.57910159;Honey pound;Aerial honey;Honeypound;Honeydip;Honey;0;NA;0;NA;20;36;Honey poundmeli;Pound
Gashaka;NC;Nigeria;7.325203143;11.57910159;Honey swab;Aerial honey;Honeyswab;Honeydip;Honey;0;NA;0;NA;22;36;Honey swab;Dip
Gashaka;NC;Nigeria;7.325203143;11.57910159;Honey whiskswat;Honey whiskswat;Honeywhiskswat;Honeydip;Honey;0;NA;0;NA;1;1;Honey whiskswat;Whisk
Gashaka;NC;Nigeria;7.325203143;11.57910159;Leafsponge;Leafsponge;Leafsponge;Leafsponge;Leaf;NA;NA;NA;NA;3;3;Leafsponge;Sponge
Gashaka;NC;Nigeria;7.325203143;11.57910159;Marrow pick;Marrow;Marrowpick;Marrowpick;Marrow;NA;NA;NA;NA;1;1;Marrow pick;Dip
Gashaka;NC;Nigeria;7.325203143;11.57910159;Nut branchanvil;Nut;Nutanvil;Nutcracking;Nut;0;NA;0;NA;9;9;Nut branchanvil;Smash
Gashaka;NC;Nigeria;7.325203143;11.57910159;Nut pick;Nut;Nutpick;Nutcracking;Nut;NA;NA;NA;NA;9;9;Nut pick;Dip
Gashaka;NC;Nigeria;7.325203143;11.57910159;Nut rootanvil;Nut;Nutanvil;Nutcracking;Nut;0;NA;0;NA;9;9;Nut rootanvil;Smash
Gashaka;NC;Nigeria;7.325203143;11.57910159;Nut stoneanvil;Nut;Nutanvil;Nutcracking;Nut;0;NA;0;NA;9;9;Nut stoneanvil;Smash
Gashaka;NC;Nigeria;7.325203143;11.57910159;Nut stonehammer;Nut;Nuthammer;Nutcracking;Nut;0;NA;0;NA;9;9;Nut stonehammer;Pound
Gashaka;NC;Nigeria;7.325203143;11.57910159;Nut woodhammer;Nut;Nuthammer;Nutcracking;Nut;0;NA;0;NA;9;9;Nut woodhammer;Pound
Gashaka;NC;Nigeria;7.325203143;11.57910159;Stone pound;Stonepound;Smash;Smash;Smash;NA;NA;NA;NA;1;1;Stone pound;Smash
Gashaka;NC;Nigeria;7.325203143;11.57910159;Termite fishing;Epigaiec termitefishing;Termitefish;Termitefish;;0;NA;0;NA;12;18;Termite fishingepigaeic;Dip
Gashaka;NC;Nigeria;7.325203143;11.57910159;Termite fishing;Underground termitefishing;Termitefish;Termitedig;Termite;0;NA;0;NA;12;18;Termite fishingunder;Dip
Gashaka;NC;Nigeria;7.325203143;11.57910159;Termite perforating;Epigaiec termitefishing;Termiteperforate;Termitefish;Termite;0;NA;0;NA;10;18;Termite perforating;Perforate
Gashaka;NC;Nigeria;7.325203143;11.57910159;Termite puncturing;Underground termitefishing;Termitepuncture;Termitedig;Termite;0;NA;0;NA;10;18;Termite puncturing;Dig
Gashaka;NC;Nigeria;7.325203143;11.57910159;Wood pound;Woodpound;Smash;Smash;Smash;NA;NA;NA;NA;1;1;Wood pound;Smash
Goualougo;C;Congo;2.177149498;16.607265;Ant dipping;Driver antnest;Antdip;Antdip;Ant;1;1;2;6;8;10;Ant dippingnest;Dip
Goualougo;C;Congo;2.177149498;16.607265;Ant fishingprobe;Arboreal ants;Antfishing;Antfish;Ant;NA;NA;NA;NA;7;7;Ant fishingprobe;Dip
Goualougo;C;Congo;2.177149498;16.607265;Ant perforatingstick;Driver antnest;Antperforate;Antdip;Ant;1;1;2;6;6;10;Ant perforatingstick;Perforate
Goualougo;C;Congo;2.177149498;16.607265;Honey dig;Underground honeydig;Honeydig;Honeydig;Honey;0;NA;0;NA;6;10;Honey dig;Perforate
Goualougo;C;Congo;2.177149498;16.607265;Honey dip;Underground stinglessbee;Honeydip;Honeydig;Honey;0;NA;0;NA;8;12;Honey dipumeli;Dip
Goualougo;C;Congo;2.177149498;16.607265;Honey dipaerial;Aerial honey;Honeydip;Honeydip;Honey;1;1;3;11;15;23;Honey dipapis;Dip
Goualougo;C;Congo;2.177149498;16.607265;Honey lever;Aerial honey;Honeylever;Honeydip;Honey;1;1;3;11;20;36;Honey leverameli;Perforate
Goualougo;C;Congo;2.177149498;16.607265;Honey perforate;Underground stinglessbee;Honeyperforate;Honeydig;Honey;0;NA;0;NA;8;12;Honey perforate;Dig
Goualougo;C;Congo;2.177149498;16.607265;Honey pound;Aerial honey;Honeypound;Honeydip;Honey;1;1;3;11;20;36;Honey poundmeli;Pound
Goualougo;C;Congo;2.177149498;16.607265;Honey swab;Aerial honey;Honeyswab;Honeydip;Honey;0;NA;0;NA;22;36;Honey swab;Dip
Goualougo;C;Congo;2.177149498;16.607265;Honey whiskswat;Honey whiskswat;Honeywhiskswat;Honeydip;Honey;1;0;NA;NA;1;1;Honey whiskswat;Whisk
Goualougo;C;Congo;2.177149498;16.607265;Leafsponge;Leafsponge;Leafsponge;Leafsponge;Leaf;1;1;1;3;3;3;Leafsponge;Sponge
Goualougo;C;Congo;2.177149498;16.607265;Marrow pick;Marrow;Marrowpick;Marrowpick;Marrow;1;0;1;1;1;1;Marrow pick;Dip
Goualougo;C;Congo;2.177149498;16.607265;Nut branchanvil;Nut;Nutanvil;Nutcracking;Nut;0;NA;0;NA;9;9;Nut branchanvil;Smash
Goualougo;C;Congo;2.177149498;16.607265;Nut pick;Nut;Nutpick;Nutcracking;Nut;NA;NA;NA;NA;9;9;Nut pick;Dip
Goualougo;C;Congo;2.177149498;16.607265;Nut rootanvil;Nut;Nutanvil;Nutcracking;Nut;0;NA;0;NA;9;9;Nut rootanvil;Smash
Goualougo;C;Congo;2.177149498;16.607265;Nut stoneanvil;Nut;Nutanvil;Nutcracking;Nut;0;NA;0;NA;9;9;Nut stoneanvil;Smash
Goualougo;C;Congo;2.177149498;16.607265;Nut stonehammer;Nut;Nuthammer;Nutcracking;Nut;0;NA;0;NA;9;9;Nut stonehammer;Pound
Goualougo;C;Congo;2.177149498;16.607265;Nut woodhammer;Nut;Nuthammer;Nutcracking;Nut;0;NA;0;NA;9;9;Nut woodhammer;Pound
Goualougo;C;Congo;2.177149498;16.607265;Stone pound;Stonepound;Smash;Smash;Smash;NA;NA;NA;NA;1;1;Stone pound;Smash
Goualougo;C;Congo;2.177149498;16.607265;Termite fishing;Epigaiec termitefishing;Termitefish;Termitefish;Termite;1;4;2;12;12;18;Termite fishingepigaeic;Dip
Goualougo;C;Congo;2.177149498;16.607265;Termite fishing;Underground termitefishing;Termitefish;Termitedig;Termite;1;4;2;12;12;18;Termite fishingunder;Dip
Goualougo;C;Congo;2.177149498;16.607265;Termite perforating;Epigaiec termitefishing;Termiteperforate;Termitefish;Termite;1;3;2;10;10;18;Termite perforating;Perforate
Goualougo;C;Congo;2.177149498;16.607265;Termite puncturing;Underground termitefishing;Termitepuncture;Termitedig;Termite;1;3;2;10;10;18;Termite puncturing;Dig
Goualougo;C;Congo;2.177149498;16.607265;Wood pound;Woodpound;Smash;Smash;Smash;NA;NA;NA;NA;1;1;Wood pound;Smash
Issa;E;Tanzania;-5.493410043;30.56464;Ant dipping;Driver antnest;Antdip;Antdip;Ant;0;NA;0;NA;8;10;Ant dippingnest;Dip
Issa;E;Tanzania;-5.493410043;30.56464;Ant fishingprobe;Arboreal ants;Antfishing;Antfish;Ant;1;3;1;7;7;7;Ant fishingprobe;Dip
Issa;E;Tanzania;-5.493410043;30.56464;Ant perforatingstick;Driver antnest;Antperforate;Antdip;Ant;NA;NA;NA;NA;6;10;Ant perforatingstick;Perforate
Issa;E;Tanzania;-5.493410043;30.56464;Honey dig;Underground honeydig;Honeydig;Honeydig;Honey;0;NA;0;NA;6;10;Honey dig;Perforate
Issa;E;Tanzania;-5.493410043;30.56464;Honey dip;Underground stinglessbee;Honeydip;Honeydig;Honey;0;NA;0;NA;8;12;Honey dipumeli;Dip
Issa;E;Tanzania;-5.493410043;30.56464;Honey dipaerial;Aerial honey;Honeydip;Honeydip;Honey;0;NA;0;NA;22;36;Honey dipameli;Dip
Issa;E;Tanzania;-5.493410043;30.56464;Honey lever;Aerial honey;Honeylever;Honeydip;Honey;0;NA;0;NA;20;36;Honey leverameli;Perforate
Issa;E;Tanzania;-5.493410043;30.56464;Honey perforate;Underground stinglessbee;Honeyperforate;Honeydig;Honey;0;NA;0;NA;8;12;Honey perforate;Dig
Issa;E;Tanzania;-5.493410043;30.56464;Honey pound;Aerial honey;Honeypound;Honeydip;Honey;0;NA;0;NA;20;36;Honey poundmeli;Pound
Issa;E;Tanzania;-5.493410043;30.56464;Honey swab;Aerial honey;Honeyswab;Honeydip;Honey;0;NA;0;NA;22;36;Honey swab;Dip
Issa;E;Tanzania;-5.493410043;30.56464;Honey whiskswat;Honey whiskswat;Honeywhiskswat;Honeydip;Honey;0;NA;0;NA;1;1;Honey whiskswat;Whisk
Issa;E;Tanzania;-5.493410043;30.56464;Leafsponge;Leafsponge;Leafsponge;Leafsponge;Leaf;NA;NA;NA;NA;3;3;Leafsponge;Sponge
Issa;E;Tanzania;-5.493410043;30.56464;Marrow pick;Marrow;Marrowpick;Marrowpick;Marrow;NA;NA;NA;NA;1;1;Marrow pick;Dip
Issa;E;Tanzania;-5.493410043;30.56464;Nut branchanvil;Nut;Nutanvil;Nutcracking;Nut;0;NA;0;NA;9;9;Nut branchanvil;Smash
Issa;E;Tanzania;-5.493410043;30.56464;Nut pick;Nut;Nutpick;Nutcracking;Nut;0;NA;0;NA;9;9;Nut pick;Dip
Issa;E;Tanzania;-5.493410043;30.56464;Nut rootanvil;Nut;Nutanvil;Nutcracking;Nut;0;NA;0;NA;9;9;Nut rootanvil;Smash
Issa;E;Tanzania;-5.493410043;30.56464;Nut stoneanvil;Nut;Nutanvil;Nutcracking;Nut;0;NA;0;NA;9;9;Nut stoneanvil;Smash
Issa;E;Tanzania;-5.493410043;30.56464;Nut stonehammer;Nut;Nuthammer;Nutcracking;Nut;0;NA;0;NA;9;9;Nut stonehammer;Pound
Issa;E;Tanzania;-5.493410043;30.56464;Nut woodhammer;Nut;Nuthammer;Nutcracking;Nut;0;NA;0;NA;9;9;Nut woodhammer;Pound
Issa;E;Tanzania;-5.493410043;30.56464;Stone pound;Stonepound;Smash;Smash;Smash;NA;NA;NA;NA;1;1;Stone pound;Smash
Issa;E;Tanzania;-5.493410043;30.56464;Termite fishing;Epigaiec termitefishing;Termitefish;Termitefish;Termite;1;3;1;7;12;18;Termite fishingepigaeic;Dip
Issa;E;Tanzania;-5.493410043;30.56464;Termite fishing;Underground termitefishing;Termitefish;Termitedig;Termite;0;NA;0;NA;12;18;Termite fishingunder;Dip
Issa;E;Tanzania;-5.493410043;30.56464;Termite perforating;Epigaiec termitefishing;Termiteperforate;Termitefish;Termite;0;NA;0;NA;10;18;Termite perforating;Perforate
Issa;E;Tanzania;-5.493410043;30.56464;Termite puncturing;Underground termitefishing;Termitepuncture;Termitedig;Termite;0;NA;0;NA;10;18;Termite puncturing;Dig
Issa;E;Tanzania;-5.493410043;30.56464;Wood pound;Woodpound;Smash;Smash;Smash;NA;NA;NA;NA;1;1;Wood pound;Smash
Kayan;W;Senegal;13.19106654;-12.23899969;Ant dipping;Driver antnest;Antdip;Antdip;Ant;NA;NA;NA;NA;8;10;Ant dippingnest;Dip
Kayan;W;Senegal;13.19106654;-12.23899969;Ant fishingprobe;Arboreal ants;Antfishing;Antfish;Ant;NA;NA;NA;NA;7;7;Ant fishingprobe;Dip
Kayan;W;Senegal;13.19106654;-12.23899969;Ant perforatingstick;Driver antnest;Antperforate;Antdip;Ant;NA;NA;NA;NA;6;10;Ant perforatingstick;Perforate
Kayan;W;Senegal;13.19106654;-12.23899969;Honey dig;Underground honeydig;Honeydig;Honeydig;Honey;NA;NA;NA;NA;6;10;Honey dig;Perforate
Kayan;W;Senegal;13.19106654;-12.23899969;Honey dip;Underground stinglessbee;Honeydip;Honeydig;Honey;NA;NA;NA;NA;8;12;Honey dipumeli;Dip
Kayan;W;Senegal;13.19106654;-12.23899969;Honey dipaerial;Aerial honey;Honeydip;Honeydip;Honey;NA;NA;NA;NA;22;36;Honey dipameli;Dip
Kayan;W;Senegal;13.19106654;-12.23899969;Honey lever;Aerial honey;Honeylever;Honeydip;Honey;NA;NA;NA;NA;20;36;Honey leverameli;Perforate
Kayan;W;Senegal;13.19106654;-12.23899969;Honey perforate;Underground stinglessbee;Honeyperforate;Honeydig;Honey;NA;NA;NA;NA;8;12;Honey perforate;Dig
Kayan;W;Senegal;13.19106654;-12.23899969;Honey pound;Aerial honey;Honeypound;Honeydip;Honey;NA;NA;NA;NA;20;36;Honey poundmeli;Pound
Kayan;W;Senegal;13.19106654;-12.23899969;Honey swab;Aerial honey;Honeyswab;Honeydip;Honey;NA;NA;NA;NA;22;36;Honey swab;Dip
Kayan;W;Senegal;13.19106654;-12.23899969;Honey whiskswat;Honey whiskswat;Honeywhiskswat;Honeydip;Honey;NA;NA;NA;NA;1;1;Honey whiskswat;Whisk
Kayan;W;Senegal;13.19106654;-12.23899969;Leafsponge;Leafsponge;Leafsponge;Leafsponge;Leaf;NA;NA;NA;NA;3;3;Leafsponge;Sponge
Kayan;W;Senegal;13.19106654;-12.23899969;Marrow pick;Marrow;Marrowpick;Marrowpick;Marrow;NA;NA;NA;NA;1;1;Marrow pick;Dip
Kayan;W;Senegal;13.19106654;-12.23899969;Nut branchanvil;Nut;Nutanvil;Nutcracking;Nut;NA;NA;NA;NA;9;9;Nut branchanvil;Smash
Kayan;W;Senegal;13.19106654;-12.23899969;Nut pick;Nut;Nutpick;Nutcracking;Nut;NA;NA;NA;NA;9;9;Nut pick;Dip
Kayan;W;Senegal;13.19106654;-12.23899969;Nut rootanvil;Nut;Nutanvil;Nutcracking;Nut;NA;NA;NA;NA;9;9;Nut rootanvil;Smash
Kayan;W;Senegal;13.19106654;-12.23899969;Nut stoneanvil;Nut;Nutanvil;Nutcracking;Nut;NA;NA;NA;NA;9;9;Nut stoneanvil;Smash
Kayan;W;Senegal;13.19106654;-12.23899969;Nut stonehammer;Nut;Nuthammer;Nutcracking;Nut;NA;NA;NA;NA;9;9;Nut stonehammer;Pound
Kayan;W;Senegal;13.19106654;-12.23899969;Nut woodhammer;Nut;Nuthammer;Nutcracking;Nut;NA;NA;NA;NA;9;9;Nut woodhammer;Pound
Kayan;W;Senegal;13.19106654;-12.23899969;Stone pound;Stonepound;Smash;Smash;Smash;NA;NA;NA;NA;1;1;Stone pound;Smash
Kayan;W;Senegal;13.19106654;-12.23899969;Termite fishing;Epigaiec termitefishing;Termitefish;Termitefish;Termite;0;NA;0;NA;12;18;Termite fishingepigaeic;Dip
Kayan;W;Senegal;13.19106654;-12.23899969;Termite fishing;Underground termitefishing;Termitefish;Termitedig;Termite;0;NA;0;NA;12;18;Termite fishingunder;Dip
Kayan;W;Senegal;13.19106654;-12.23899969;Termite perforating;Epigaiec termitefishing;Termiteperforate;Termitefish;Termite;1;NA;1;NA;10;18;Termite perforating;Perforate
Kayan;W;Senegal;13.19106654;-12.23899969;Termite puncturing;Underground termitefishing;Termitepuncture;Termitedig;Termite;0;NA;0;NA;10;18;Termite puncturing;Dig
Kayan;W;Senegal;13.19106654;-12.23899969;Wood pound;Woodpound;Smash;Smash;Smash;NA;NA;NA;NA;1;1;Wood pound;Smash
Korup;NC;Cameroon;5.123873041;8.8687042;Ant dipping;Driver antnest;Antdip;Antdip;Ant;NA;NA;NA;NA;8;10;Ant dippingnest;Dip
Korup;NC;Cameroon;5.123873041;8.8687042;Ant fishingprobe;Arboreal ants;Antfishing;Antfish;Ant;NA;NA;NA;NA;7;7;Ant fishingprobe;Dip
Korup;NC;Cameroon;5.123873041;8.8687042;Ant perforatingstick;Driver antnest;Antperforate;Antdip;Ant;NA;NA;NA;NA;6;10;Ant perforatingstick;Perforate
Korup;NC;Cameroon;5.123873041;8.8687042;Honey dig;Underground honeydig;Honeydig;Honeydig;Honey;NA;NA;NA;NA;6;10;Honey dig;Perforate
Korup;NC;Cameroon;5.123873041;8.8687042;Honey dip;Underground stinglessbee;Honeydip;Honeydig;Honey;NA;NA;NA;NA;8;12;Honey dipumeli;Dip
Korup;NC;Cameroon;5.123873041;8.8687042;Honey dipaerial;Aerial honey;Honeydip;Honeydip;Honey;NA;NA;NA;NA;22;36;Honey dipameli;Dip
Korup;NC;Cameroon;5.123873041;8.8687042;Honey lever;Aerial honey;Honeylever;Honeydip;Honey;NA;NA;NA;NA;20;36;Honey leverameli;Perforate
Korup;NC;Cameroon;5.123873041;8.8687042;Honey perforate;Underground stinglessbee;Honeyperforate;Honeydig;Honey;NA;NA;NA;NA;8;12;Honey perforate;Dig
Korup;NC;Cameroon;5.123873041;8.8687042;Honey pound;Aerial honey;Honeypound;Honeydip;Honey;NA;NA;NA;NA;20;36;Honey poundmeli;Pound
Korup;NC;Cameroon;5.123873041;8.8687042;Honey swab;Aerial honey;Honeyswab;Honeydip;Honey;NA;NA;NA;NA;22;36;Honey swab;Dip
Korup;NC;Cameroon;5.123873041;8.8687042;Honey whiskswat;Honey whiskswat;Honeywhiskswat;Honeydip;Honey;NA;NA;NA;NA;1;1;Honey whiskswat;Whisk
Korup;NC;Cameroon;5.123873041;8.8687042;Leafsponge;Leafsponge;Leafsponge;Leafsponge;Leaf;NA;NA;NA;NA;3;3;Leafsponge;Sponge
Korup;NC;Cameroon;5.123873041;8.8687042;Marrow pick;Marrow;Marrowpick;Marrowpick;Marrow;NA;NA;NA;NA;1;1;Marrow pick;Dip
Korup;NC;Cameroon;5.123873041;8.8687042;Nut branchanvil;Nut;Nutanvil;Nutcracking;Nut;NA;NA;NA;NA;9;9;Nut branchanvil;Smash
Korup;NC;Cameroon;5.123873041;8.8687042;Nut pick;Nut;Nutpick;Nutcracking;Nut;NA;NA;NA;NA;9;9;Nut pick;Dip
Korup;NC;Cameroon;5.123873041;8.8687042;Nut rootanvil;Nut;Nutanvil;Nutcracking;Nut;NA;NA;NA;NA;9;9;Nut rootanvil;Smash
Korup;NC;Cameroon;5.123873041;8.8687042;Nut stoneanvil;Nut;Nutanvil;Nutcracking;Nut;NA;NA;NA;NA;9;9;Nut stoneanvil;Smash
Korup;NC;Cameroon;5.123873041;8.8687042;Nut stonehammer;Nut;Nuthammer;Nutcracking;Nut;NA;NA;NA;NA;9;9;Nut stonehammer;Pound
Korup;NC;Cameroon;5.123873041;8.8687042;Nut woodhammer;Nut;Nuthammer;Nutcracking;Nut;NA;NA;NA;NA;9;9;Nut woodhammer;Pound
Korup;NC;Cameroon;5.123873041;8.8687042;Stone pound;Stonepound;Smash;Smash;Smash;NA;NA;NA;NA;1;1;Stone pound;Smash
Korup;NC;Cameroon;5.123873041;8.8687042;Termite fishing;Epigaiec termitefishing;Termitefish;Termitefish;Termite;0;NA;0;NA;12;18;Termite fishingepigaeic;Dip
Korup;NC;Cameroon;5.123873041;8.8687042;Termite fishing;Underground termitefishing;Termitefish;Termitedig;Termite;1;NA;2;NA;12;18;Termite fishingunder;Dip
Korup;NC;Cameroon;5.123873041;8.8687042;Termite perforating;Epigaiec termitefishing;Termiteperforate;Termitefish;Termite;0;NA;0;NA;10;18;Termite perforating;Perforate
Korup;NC;Cameroon;5.123873041;8.8687042;Termite puncturing;Underground termitefishing;Termitepuncture;Termitedig;Termite;1;NA;2;NA;10;18;Termite puncturing;Dig
Korup;NC;Cameroon;5.123873041;8.8687042;Wood pound;Woodpound;Smash;Smash;Smash;NA;NA;NA;NA;1;1;Wood pound;Smash
LaBelgique;C;Cameroon;3.384251296;13.09056823;Ant dipping;Driver antnest;Antdip;Antdip;Ant;NA;NA;NA;NA;8;10;Ant dippingnest;Dip
LaBelgique;C;Cameroon;3.384251296;13.09056823;Ant fishingprobe;Arboreal ants;Antfishing;Antfish;Ant;NA;NA;NA;NA;7;7;Ant fishingprobe;Dip
LaBelgique;C;Cameroon;3.384251296;13.09056823;Ant perforatingstick;Driver antnest;Antperforate;Antdip;Ant;0;NA;NA;NA;6;10;Ant perforatingstick;Perforate
LaBelgique;C;Cameroon;3.384251296;13.09056823;Honey dig;Underground honeydig;Honeydig;Honeydig;Honey;1;1;1;3;6;10;Honey dig;Perforate
LaBelgique;C;Cameroon;3.384251296;13.09056823;Honey dip;Underground honeydig;Honeydip;Honeydig;Honey;1;2;2;8;8;12;Honey dipumeli;Dip
LaBelgique;C;Cameroon;3.384251296;13.09056823;Honey dipaerial;Aerial honey;Honeydip;Honeydip;Honey;NA;NA;NA;NA;15;23;Honey dipapis;Dip
LaBelgique;C;Cameroon;3.384251296;13.09056823;Honey lever;Aerial honey;Honeylever;Honeydip;Honey;NA;NA;NA;NA;20;36;Honey leverameli;Perforate
LaBelgique;C;Cameroon;3.384251296;13.09056823;Honey perforate;Underground stinglessbee;Honeyperforate;Honeydig;Honey;NA;NA;NA;NA;8;12;Honey perforate;Dig
LaBelgique;C;Cameroon;3.384251296;13.09056823;Honey pound;Aerial honey;Honeypound;Honeydip;Honey;NA;NA;NA;NA;20;36;Honey poundmeli;Pound
LaBelgique;C;Cameroon;3.384251296;13.09056823;Honey swab;Aerial honey;Honeyswab;Honeydip;Honey;NA;NA;NA;NA;22;36;Honey swab;Dip
LaBelgique;C;Cameroon;3.384251296;13.09056823;Honey whiskswat;Honey whiskswat;Honeywhiskswat;Honeydip;Honey;NA;NA;NA;NA;1;1;Honey whiskswat;Whisk
LaBelgique;C;Cameroon;3.384251296;13.09056823;Leafsponge;Leafsponge;Leafsponge;Leafsponge;Leaf;NA;NA;NA;NA;3;3;Leafsponge;Sponge
LaBelgique;C;Cameroon;3.384251296;13.09056823;Marrow pick;Marrow;Marrowpick;Marrowpick;Marrow;NA;NA;NA;NA;1;1;Marrow pick;Dip
LaBelgique;C;Cameroon;3.384251296;13.09056823;Nut branchanvil;Nut;Nutanvil;Nutcracking;Nut;0;NA;NA;NA;9;9;Nut branchanvil;Smash
LaBelgique;C;Cameroon;3.384251296;13.09056823;Nut pick;Nut;Nutpick;Nutcracking;Nut;;;;9;9;9;Nut pick;Dip
LaBelgique;C;Cameroon;3.384251296;13.09056823;Nut rootanvil;Nut;Nutanvil;Nutcracking;Nut;0;NA;NA;NA;9;9;Nut rootanvil;Smash
LaBelgique;C;Cameroon;3.384251296;13.09056823;Nut stoneanvil;Nut;Nutanvil;Nutcracking;Nut;0;NA;NA;NA;9;9;Nut stoneanvil;Smash
LaBelgique;C;Cameroon;3.384251296;13.09056823;Nut stonehammer;Nut;Nuthammer;Nutcracking;Nut;0;NA;NA;NA;9;9;Nut stonehammer;Pound
LaBelgique;C;Cameroon;3.384251296;13.09056823;Nut woodhammer;Nut;Nuthammer;Nutcracking;Nut;0;NA;NA;NA;9;9;Nut woodhammer;Pound
LaBelgique;C;Cameroon;3.384251296;13.09056823;Stone pound;Stonepound;Smash;Smash;Smash;NA;NA;NA;NA;1;1;Stone pound;Smash
LaBelgique;C;Cameroon;3.384251296;13.09056823;Termite fishing;Epigaiec termitefishing;Termitefish;Termitefish;Termite;0;NA;0;NA;12;18;Termite fishingepigaeic;Dip
LaBelgique;C;Cameroon;3.384251296;13.09056823;Termite fishing;Underground termitefishing;Termitefish;Termitedig;Termite;1;2;2;8;12;18;Termite fishingunder;Dip
LaBelgique;C;Cameroon;3.384251296;13.09056823;Termite perforating;Epigaiec termitefishing;Termiteperforate;Termitefish;Termite;NA;NA;NA;NA;10;18;Termite perforating;Perforate
LaBelgique;C;Cameroon;3.384251296;13.09056823;Termite puncturing;Underground termitefishing;Termitepuncture;Termitedig;Termite;1;1;2;6;10;18;Termite puncturing;Dig
LaBelgique;C;Cameroon;3.384251296;13.09056823;Wood pound;Woodpound;Smash;Smash;Smash;NA;NA;NA;NA;1;1;Wood pound;Smash
Loango;C;Gabon;-2.07821994;9.479637049;Ant dipping;Driver antnest;Antdip;Antdip;Ant;NA;NA;NA;NA;8;10;Ant dippingnest;Dip
Loango;C;Gabon;-2.07821994;9.479637049;Ant fishingprobe;Arboreal ants;Antfishing;Antfish;Ant;NA;NA;NA;NA;7;7;Ant fishingprobe;Dip
Loango;C;Gabon;-2.07821994;9.479637049;Ant perforatingstick;Driver antnest;Antperforate;Antdip;Ant;NA;NA;NA;NA;6;10;Ant perforatingstick;Perforate
Loango;C;Gabon;-2.07821994;9.479637049;Honey dig;Underground honeydig;Honeydig;Honeydig;Honey;0;NA;0;NA;6;10;Honey dig;Perforate
Loango;C;Gabon;-2.07821994;9.479637049;Honey dip;Underground stinglessbee;Honeydip;Honeydig;Honey;1;2;2;8;8;12;Honey dipumeli;Dip
Loango;C;Gabon;-2.07821994;9.479637049;Honey dipaerial;Aerial honey;Honeydip;Honeydip;Honey;1;2;4;22;22;36;Honey dipameli;Dip
Loango;C;Gabon;-2.07821994;9.479637049;Honey lever;Aerial honey;Honeylever;Honeydip;Honey;1;2;4;20;20;36;Honey leverameli;Perforate
Loango;C;Gabon;-2.07821994;9.479637049;Honey perforate;Underground stinglessbee;Honeyperforate;Honeydig;Honey;1;2;2;8;8;12;Honey perforate;Dig
Loango;C;Gabon;-2.07821994;9.479637049;Honey pound;Aerial honey;Honeypound;Honeydip;Honey;1;2;4;20;20;36;Honey poundmeli;Pound
Loango;C;Gabon;-2.07821994;9.479637049;Honey swab;Aerial honey;Honeyswab;Honeydip;Honey;1;3;4;22;22;36;Honey swab;Dip
Loango;C;Gabon;-2.07821994;9.479637049;Honey whiskswat;Honey whiskswat;Honeywhiskswat;Honeydip;Honey;0;NA;0;NA;1;1;Honey whiskswat;Whisk
Loango;C;Gabon;-2.07821994;9.479637049;Leafsponge;Leafsponge;Leafsponge;Leafsponge;Leaf;1;1;1;3;3;3;Leafsponge;Sponge
Loango;C;Gabon;-2.07821994;9.479637049;Marrow pick;Marrow;Marrowpick;Marrowpick;Marrow;NA;NA;NA;NA;1;1;Marrow pick;Dip
Loango;C;Gabon;-2.07821994;9.479637049;Nut branchanvil;Nut;Nutanvil;Nutcracking;Nut;0;NA;0;NA;9;9;Nut branchanvil;Smash
Loango;C;Gabon;-2.07821994;9.479637049;Nut pick;Nut;Nutpick;Nutcracking;Nut;0;NA;0;NA;9;9;Nut pick;Dip
Loango;C;Gabon;-2.07821994;9.479637049;Nut rootanvil;Nut;Nutanvil;Nutcracking;Nut;0;NA;0;NA;9;9;Nut rootanvil;Smash
Loango;C;Gabon;-2.07821994;9.479637049;Nut stoneanvil;Nut;Nutanvil;Nutcracking;Nut;0;NA;0;NA;9;9;Nut stoneanvil;Smash
Loango;C;Gabon;-2.07821994;9.479637049;Nut stonehammer;Nut;Nuthammer;Nutcracking;Nut;0;NA;0;NA;9;9;Nut stonehammer;Pound
Loango;C;Gabon;-2.07821994;9.479637049;Nut woodhammer;Nut;Nuthammer;Nutcracking;Nut;0;NA;0;NA;9;9;Nut woodhammer;Pound
Loango;C;Gabon;-2.07821994;9.479637049;Stone pound;Stonepound;Smash;Smash;Smash;NA;NA;NA;NA;1;1;Stone pound;Smash
Loango;C;Gabon;-2.07821994;9.479637049;Termite fishing;Epigaiec termitefishing;Termitefish;Termitefish;Termite;0;NA;0;NA;12;18;Termite fishingepigaeic;Dip
Loango;C;Gabon;-2.07821994;9.479637049;Termite fishing;Underground termitefishing;Termitefish;Termitedig;Termite;0;NA;0;NA;12;18;Termite fishingunder;Dip
Loango;C;Gabon;-2.07821994;9.479637049;Termite perforating;Epigaiec termitefishing;Termiteperforate;Termitefish;Termite;0;NA;0;NA;10;18;Termite perforating;Perforate
Loango;C;Gabon;-2.07821994;9.479637049;Termite puncturing;Underground termitefishing;Termitepuncture;Termitedig;Termite;0;NA;0;NA;10;18;Termite puncturing;Dig
Loango;C;Gabon;-2.07821994;9.479637049;Wood pound;Woodpound;Smash;Smash;Smash;NA;NA;NA;NA;1;1;Wood pound;Smash
Lope;C;Gabon;-0.205196896;11.600521;Ant dipping;Driver antnest;Antdip;Antdip;Ant;0;NA;0;NA;8;10;Ant dippingnest;Dip
Lope;C;Gabon;-0.205196896;11.600521;Ant fishingprobe;Arboreal ants;Antfishing;Antfish;Ant;1;2;1;5;7;7;Ant fishingprobe;Dip
Lope;C;Gabon;-0.205196896;11.600521;Ant perforatingstick;Driver antnest;Antperforate;Antdip;Ant;0;NA;0;NA;6;10;Ant perforatingstick;Perforate
Lope;C;Gabon;-0.205196896;11.600521;Honey dig;Underground honeydig;Honeydig;Honeydig;Honey;0;NA;0;NA;6;10;Honey dig;Perforate
Lope;C;Gabon;-0.205196896;11.600521;Honey dip;Underground stinglessbee;Honeydip;Honeydig;Honey;0;NA;0;NA;8;12;Honey dipumeli;Dip
Lope;C;Gabon;-0.205196896;11.600521;Honey dipaerial;Aerial honey;Honeydip;Honeydip;Honey;1;2;2;8;22;36;Honey dipameli;Dip
Lope;C;Gabon;-0.205196896;11.600521;Honey lever;Aerial honey;Honeylever;Honeydip;Honey;1;1;2;6;20;36;Honey leverameli;Perforate
Lope;C;Gabon;-0.205196896;11.600521;Honey perforate;Underground stinglessbee;Honeyperforate;Honeydig;Honey;0;NA;0;NA;8;12;Honey perforate;Dig
Lope;C;Gabon;-0.205196896;11.600521;Honey pound;Aerial honey;Honeypound;Honeydip;Honey;0;NA;0;NA;20;36;Honey poundmeli;Pound
Lope;C;Gabon;-0.205196896;11.600521;Honey swab;Aerial honey;Honeyswab;Honeydip;Honey;0;NA;0;NA;22;36;Honey swab;Dip
Lope;C;Gabon;-0.205196896;11.600521;Honey whiskswat;Honey whiskswat;Honeywhiskswat;Honeydip;Honey;0;NA;0;NA;1;1;Honey whiskswat;Whisk
Lope;C;Gabon;-0.205196896;11.600521;Leafsponge;Leafsponge;Leafsponge;Leafsponge;Leaf;1;1;1;3;3;3;Leafsponge;Sponge
Lope;C;Gabon;-0.205196896;11.600521;Marrow pick;Marrow;Marrowpick;Marrowpick;Marrow;0;NA;0;NA;1;1;Marrow pick;Dip
Lope;C;Gabon;-0.205196896;11.600521;Nut branchanvil;Nut;Nutanvil;Nutcracking;Nut;0;NA;0;NA;9;9;Nut branchanvil;Smash
Lope;C;Gabon;-0.205196896;11.600521;Nut pick;Nut;Nutpick;Nutcracking;Nut;0;NA;0;NA;9;9;Nut pick;Dip
Lope;C;Gabon;-0.205196896;11.600521;Nut rootanvil;Nut;Nutanvil;Nutcracking;Nut;0;NA;0;NA;9;9;Nut rootanvil;Smash
Lope;C;Gabon;-0.205196896;11.600521;Nut stoneanvil;Nut;Nutanvil;Nutcracking;Nut;0;NA;0;NA;9;9;Nut stoneanvil;Smash
Lope;C;Gabon;-0.205196896;11.600521;Nut stonehammer;Nut;Nuthammer;Nutcracking;Nut;0;NA;0;NA;9;9;Nut stonehammer;Pound
Lope;C;Gabon;-0.205196896;11.600521;Nut woodhammer;Nut;Nuthammer;Nutcracking;Nut;0;NA;0;NA;9;9;Nut woodhammer;Pound
Lope;C;Gabon;-0.205196896;11.600521;Stone pound;Stonepound;Smash;Smash;Smash;0;NA;0;NA;1;1;Stone pound;Smash
Lope;C;Gabon;-0.205196896;11.600521;Termite fishing;Epigaiec termitefishing;Termitefish;Termitefish;Termite;0;NA;0;NA;12;18;Termite fishingepigaeic;Dip
Lope;C;Gabon;-0.205196896;11.600521;Termite fishing;Underground termitefishing;Termitefish;Termitedig;Termite;0;NA;0;NA;12;18;Termite fishingunder;Dip
Lope;C;Gabon;-0.205196896;11.600521;Termite perforating;Epigaiec termitefishing;Termiteperforate;Termitefish;Termite;0;NA;0;NA;10;18;Termite perforating;Perforate
Lope;C;Gabon;-0.205196896;11.600521;Termite puncturing;Underground termitefishing;Termitepuncture;Termitedig;Termite;0;NA;0;NA;10;18;Termite puncturing;Dig
Lope;C;Gabon;-0.205196896;11.600521;Wood pound;Woodpound;Smash;Smash;Smash;0;NA;0;NA;1;1;Wood pound;Smash
MontCristal;C;Gabon;0.330121336;10.30466742;Ant dipping;Driver antnest;Antdip;Antdip;Ant;NA;NA;NA;NA;8;10;Ant dippingnest;Dip
MontCristal;C;Gabon;0.330121336;10.30466742;Ant fishingprobe;Arboreal ants;Antfishing;Antfish;Ant;NA;NA;NA;NA;7;7;Ant fishingprobe;Dip
MontCristal;C;Gabon;0.330121336;10.30466742;Ant perforatingstick;Driver antnest;Antperforate;Antdip;Ant;NA;NA;NA;NA;6;10;Ant perforatingstick;Perforate
MontCristal;C;Gabon;0.330121336;10.30466742;Honey dig;Underground honeydig;Honeydig;Honeydig;Honey;NA;NA;NA;NA;6;10;Honey dig;Perforate
MontCristal;C;Gabon;0.330121336;10.30466742;Honey dip;Underground stinglessbee;Honeydip;Honeydig;Honey;NA;NA;NA;NA;8;12;Honey dipumeli;Dip
MontCristal;C;Gabon;0.330121336;10.30466742;Honey dipaerial;Aerial honey;Honeydip;Honeydip;Honey;NA;NA;NA;NA;22;36;Honey dipameli;Dip
MontCristal;C;Gabon;0.330121336;10.30466742;Honey lever;Aerial honey;Honeylever;Honeydip;Honey;NA;NA;NA;NA;20;36;Honey leverameli;Perforate
MontCristal;C;Gabon;0.330121336;10.30466742;Honey perforate;Underground stinglessbee;Honeyperforate;Honeydig;Honey;NA;NA;NA;NA;8;12;Honey perforate;Dig
MontCristal;C;Gabon;0.330121336;10.30466742;Honey pound;Aerial honey;Honeypound;Honeydip;Honey;NA;NA;NA;NA;20;36;Honey poundmeli;Pound
MontCristal;C;Gabon;0.330121336;10.30466742;Honey swab;Aerial honey;Honeyswab;Honeydip;Honey;NA;NA;NA;NA;22;36;Honey swab;Dip
MontCristal;C;Gabon;0.330121336;10.30466742;Honey whiskswat;Honey whiskswat;Honeywhiskswat;Honeydip;Honey;NA;NA;NA;NA;1;1;Honey whiskswat;Whisk
MontCristal;C;Gabon;0.330121336;10.30466742;Leafsponge;Leafsponge;Leafsponge;Leafsponge;Leaf;NA;NA;NA;NA;3;3;Leafsponge;Sponge
MontCristal;C;Gabon;0.330121336;10.30466742;Marrow pick;Marrow;Marrowpick;Marrowpick;Marrow;NA;NA;NA;NA;1;1;Marrow pick;Dip
MontCristal;C;Gabon;0.330121336;10.30466742;Nut branchanvil;Nut;Nutanvil;Nutcracking;Nut;NA;NA;NA;NA;9;9;Nut branchanvil;Smash
MontCristal;C;Gabon;0.330121336;10.30466742;Nut pick;Nut;Nutpick;Nutcracking;Nut;NA;NA;NA;NA;9;9;Nut pick;Dip
MontCristal;C;Gabon;0.330121336;10.30466742;Nut rootanvil;Nut;Nutanvil;Nutcracking;Nut;NA;NA;NA;NA;9;9;Nut rootanvil;Smash
MontCristal;C;Gabon;0.330121336;10.30466742;Nut stoneanvil;Nut;Nutanvil;Nutcracking;Nut;NA;NA;NA;NA;9;9;Nut stoneanvil;Smash
MontCristal;C;Gabon;0.330121336;10.30466742;Nut stonehammer;Nut;Nuthammer;Nutcracking;Nut;NA;NA;NA;NA;9;9;Nut stonehammer;Pound
MontCristal;C;Gabon;0.330121336;10.30466742;Nut woodhammer;Nut;Nuthammer;Nutcracking;Nut;NA;NA;NA;NA;9;9;Nut woodhammer;Pound
MontCristal;C;Gabon;0.330121336;10.30466742;Stone pound;Stonepound;Smash;Smash;Smash;NA;NA;NA;NA;1;1;Stone pound;Smash
MontCristal;C;Gabon;0.330121336;10.30466742;Termite fishing;Epigaiec termitefishing;Termitefish;Termitefish;Termite;0;NA;0;NA;12;18;Termite fishingepigaeic;Dip
MontCristal;C;Gabon;0.330121336;10.30466742;Termite fishing;Underground termitefishing;Termitefish;Termitedig;Termite;1;NA;2;NA;12;18;Termite fishingunder;Dip
MontCristal;C;Gabon;0.330121336;10.30466742;Termite perforating;Epigaiec termitefishing;Termiteperforate;Termitefish;Termite;0;NA;0;NA;10;18;Termite perforating;Perforate
MontCristal;C;Gabon;0.330121336;10.30466742;Termite puncturing;Underground termitefishing;Termitepuncture;Termitedig;Termite;1;NA;2;NA;10;18;Termite puncturing;Dig
MontCristal;C;Gabon;0.330121336;10.30466742;Wood pound;Woodpound;Smash;Smash;Smash;NA;NA;NA;NA;1;1;Wood pound;Smash
Ngogo;E;Uganda;0.485982461;30.45071609;Ant dipping;Driver antnest;Antdip;Antdip;Ant;0;NA;0;NA;8;10;Ant dippingnest;Dip
Ngogo;E;Uganda;0.485982461;30.45071609;Ant fishingprobe;Arboreal ants;Antfishing;Antfish;Ant;NA;NA;NA;NA;7;7;Ant fishingprobe;Dip
Ngogo;E;Uganda;0.485982461;30.45071609;Ant perforatingstick;Driver antnest;Antperforate;Antdip;Ant;0;NA;0;NA;6;10;Ant perforatingstick;Perforate
Ngogo;E;Uganda;0.485982461;30.45071609;Honey dig;Underground honeydig;Honeydig;Honeydig;Honey;0;NA;0;NA;6;10;Honey dig;Perforate
Ngogo;E;Uganda;0.485982461;30.45071609;Honey dip;Underground stinglessbee;Honeydip;Honeydig;Honey;0;NA;NA;NA;8;12;Honey dipumeli;Dip
Ngogo;E;Uganda;0.485982461;30.45071609;Honey dipaerial;Aerial honey;Honeydip;Honeydip;Honey;1;NA;NA;NA;15;23;Honey dipapis;Dip
Ngogo;E;Uganda;0.485982461;30.45071609;Honey lever;Aerial honey;Honeylever;Honeydip;Honey;NA;NA;NA;NA;20;36;Honey leverameli;Perforate
Ngogo;E;Uganda;0.485982461;30.45071609;Honey perforate;Underground stinglessbee;Honeyperforate;Honeydig;Honey;0;NA;0;NA;8;12;Honey perforate;Dig
Ngogo;E;Uganda;0.485982461;30.45071609;Honey pound;Aerial honey;Honeypound;Honeydip;Honey;0;NA;0;NA;20;36;Honey poundmeli;Pound
Ngogo;E;Uganda;0.485982461;30.45071609;Honey swab;Aerial honey;Honeyswab;Honeydip;Honey;0;NA;0;NA;22;36;Honey swab;Dip
Ngogo;E;Uganda;0.485982461;30.45071609;Honey whiskswat;Honey whiskswat;Honeywhiskswat;Honeydip;Honey;1;0;1;1;1;1;Honey whiskswat;Whisk
Ngogo;E;Uganda;0.485982461;30.45071609;Leafsponge;Leafsponge;Leafsponge;Leafsponge;Leaf;1;1;1;3;3;3;Leafsponge;Sponge
Ngogo;E;Uganda;0.485982461;30.45071609;Marrow pick;Marrow;Marrowpick;Marrowpick;Marrow;0;NA;0;NA;1;1;Marrow pick;Dip
Ngogo;E;Uganda;0.485982461;30.45071609;Nut branchanvil;Nut;Nutanvil;Nutcracking;Nut;0;NA;0;NA;9;9;Nut branchanvil;Smash
Ngogo;E;Uganda;0.485982461;30.45071609;Nut pick;Nut;Nutpick;Nutcracking;Nut;0;NA;0;NA;9;9;Nut pick;Dip
Ngogo;E;Uganda;0.485982461;30.45071609;Nut rootanvil;Nut;Nutanvil;Nutcracking;Nut;0;NA;0;NA;9;9;Nut rootanvil;Smash
Ngogo;E;Uganda;0.485982461;30.45071609;Nut stoneanvil;Nut;Nutanvil;Nutcracking;Nut;0;NA;0;NA;9;9;Nut stoneanvil;Smash
Ngogo;E;Uganda;0.485982461;30.45071609;Nut stonehammer;Nut;Nuthammer;Nutcracking;Nut;0;NA;0;NA;9;9;Nut stonehammer;Pound
Ngogo;E;Uganda;0.485982461;30.45071609;Nut woodhammer;Nut;Nuthammer;Nutcracking;Nut;0;NA;0;NA;9;9;Nut woodhammer;Pound
Ngogo;E;Uganda;0.485982461;30.45071609;Stone pound;Stonepound;Smash;Smash;Smash;0;NA;0;NA;1;1;Stone pound;Smash
Ngogo;E;Uganda;0.485982461;30.45071609;Termite fishing;Epigaiec termitefishing;Termitefish;Termitefish;Termite;1;1;1;3;12;18;Termite fishingepigaeic;Dip
Ngogo;E;Uganda;0.485982461;30.45071609;Termite fishing;Underground termitefishing;Termitefish;Termitedig;Termite;0;NA;0;NA;12;18;Termite fishingunder;Dip
Ngogo;E;Uganda;0.485982461;30.45071609;Termite perforating;Epigaiec termitefishing;Termiteperforate;Termitefish;Termite;0;NA;0;NA;10;18;Termite perforating;Perforate
Ngogo;E;Uganda;0.485982461;30.45071609;Termite puncturing;Underground termitefishing;Termitepuncture;Termitedig;Termite;0;NA;0;NA;10;18;Termite puncturing;Dig
Ngogo;E;Uganda;0.485982461;30.45071609;Wood pound;Woodpound;Smash;Smash;Smash;0;NA;0;NA;1;1;Wood pound;Smash
RubiTele;E;DRC;2.416899633;25.0770414;Ant dipping;Driver antnest;Antdip;Antdip;Ant;1;NA;1;NA;8;10;Ant dippingnest;Dip
RubiTele;E;DRC;2.416899633;25.0770414;Ant fishingprobe;Arboreal ants;Antdip;Antfish;Ant;1;NA;1;NA;7;7;Ant fishingprobe;Dip
RubiTele;E;DRC;2.416899633;25.0770414;Ant perforatingstick;Driver antnest;Antperforate;Antdip;Ant;0;NA;0;NA;6;10;Ant perforatingstick;Perforate
RubiTele;E;DRC;2.416899633;25.0770414;Honey dig;Underground honeydig;Honeydig;Honeydig;Honey;0;NA;0;NA;6;10;Honey dig;Perforate
RubiTele;E;DRC;2.416899633;25.0770414;Honey dip;Underground stinglessbee;Honeydip;Honeydig;Honey;0;NA;0;NA;8;12;Honey dipumeli;Dip
RubiTele;E;DRC;2.416899633;25.0770414;Honey dipaerial;Aerial honey;Honeydip;Honeydip;Honey;0;NA;0;NA;15;23;Honey dipapis;Dip
RubiTele;E;DRC;2.416899633;25.0770414;Honey lever;Aerial honey;Honeylever;Honeydip;Honey;0;NA;0;NA;20;36;Honey leverameli;Perforate
RubiTele;E;DRC;2.416899633;25.0770414;Honey perforate;Underground stinglessbee;Honeyperforate;Honeydig;Honey;0;NA;0;NA;8;12;Honey perforate;Dig
RubiTele;E;DRC;2.416899633;25.0770414;Honey pound;Aerial honey;Honeypound;Honeydip;Honey;0;NA;0;NA;20;36;Honey poundmeli;Pound
RubiTele;E;DRC;2.416899633;25.0770414;Honey swab;Aerial honey;Honeyswab;Honeydip;Honey;0;NA;0;NA;22;36;Honey swab;Dip
RubiTele;E;DRC;2.416899633;25.0770414;Honey whiskswat;Honey whiskswat;Honeywhiskswat;Honeydip;Honey;0;NA;0;NA;1;1;Honey whiskswat;Whisk
RubiTele;E;DRC;2.416899633;25.0770414;Leafsponge;Leafsponge;Leafsponge;Leafsponge;Leaf;NA;NA;NA;NA;3;3;Leafsponge;Sponge
RubiTele;E;DRC;2.416899633;25.0770414;Marrow pick;Marrow;Marrowpick;Marrowpick;Marrow;NA;NA;NA;NA;1;1;Marrow pick;Dip
RubiTele;E;DRC;2.416899633;25.0770414;Nut branchanvil;Nut;Nutanvil;Nutcracking;Nut;0;NA;0;NA;9;9;Nut branchanvil;Smash
RubiTele;E;DRC;2.416899633;25.0770414;Nut pick;Nut;Nutpick;Nutcracking;Nut;0;NA;0;NA;9;9;Nut pick;Dip
RubiTele;E;DRC;2.416899633;25.0770414;Nut rootanvil;Nut;Nutanvil;Nutcracking;Nut;0;NA;0;NA;9;9;Nut rootanvil;Smash
RubiTele;E;DRC;2.416899633;25.0770414;Nut stoneanvil;Nut;Nutanvil;Nutcracking;Nut;0;NA;0;NA;9;9;Nut stoneanvil;Smash
RubiTele;E;DRC;2.416899633;25.0770414;Nut stonehammer;Nut;Nuthammer;Nutcracking;Nut;0;NA;0;NA;9;9;Nut stonehammer;Pound
RubiTele;E;DRC;2.416899633;25.0770414;Nut woodhammer;Nut;Nuthammer;Nutcracking;Nut;0;NA;0;NA;9;9;Nut woodhammer;Pound
RubiTele;E;DRC;2.416899633;25.0770414;Stone pound;Stonepound;Smash;Smash;Smash;1;0;1;1;1;1;Stone pound;Smash
RubiTele;E;DRC;2.416899633;25.0770414;Termite fishing;Epigaiec termitefishing;Termitefish;Termitefish;Termite;0;NA;0;NA;12;18;Termite fishingepigaeic;Dip
RubiTele;E;DRC;2.416899633;25.0770414;Termite fishing;Underground termitefishing;Termitefish;Termitedig;Termite;0;NA;0;NA;12;18;Termite fishingunder;Dip
RubiTele;E;DRC;2.416899633;25.0770414;Termite perforating;Epigaiec termitefishing;Termiteperforate;Termitefish;Termite;0;NA;0;NA;10;18;Termite perforating;Perforate
RubiTele;E;DRC;2.416899633;25.0770414;Termite puncturing;Underground termitefishing;Termitepuncture;Termitedig;Termite;0;NA;0;NA;10;18;Termite puncturing;Dig
RubiTele;E;DRC;2.416899633;25.0770414;Wood pound;Woodpound;Smash;Smash;Smash;1;0;1;1;1;1;Wood pound;Smash
Sapo;W;Liberia;5.313575851;-8.780804882;Ant dipping;Driver antnest;Antdip;Antdip;Ant;NA;NA;NA;NA;8;10;Ant dippingnest;Dip
Sapo;W;Liberia;5.313575851;-8.780804882;Ant fishingprobe;Arboreal ants;Antfishing;Antfish;Ant;NA;NA;NA;NA;7;7;Ant fishingprobe;Dip
Sapo;W;Liberia;5.313575851;-8.780804882;Ant perforatingstick;Driver antnest;Antperforate;Antdip;Ant;NA;NA;NA;NA;6;10;Ant perforatingstick;Perforate
Sapo;W;Liberia;5.313575851;-8.780804882;Honey dig;Underground honeydig;Honeydig;Honeydig;Honey;NA;NA;NA;NA;6;10;Honey dig;Perforate
Sapo;W;Liberia;5.313575851;-8.780804882;Honey dip;Underground stinglessbee;Honeydip;Honeydig;Honey;NA;NA;NA;NA;8;12;Honey dipumeli;Dip
Sapo;W;Liberia;5.313575851;-8.780804882;Honey dipaerial;Aerial honey;Honeydip;Honeydip;Honey;NA;NA;NA;NA;15;23;Honey dipapis;Dip
Sapo;W;Liberia;5.313575851;-8.780804882;Honey lever;Aerial honey;Honeylever;Honeydip;Honey;NA;NA;NA;NA;20;36;Honey leverameli;Perforate
Sapo;W;Liberia;5.313575851;-8.780804882;Honey perforate;Underground stinglessbee;Honeyperforate;Honeydig;Honey;NA;NA;NA;NA;8;12;Honey perforate;Dig
Sapo;W;Liberia;5.313575851;-8.780804882;Honey pound;Aerial honey;Honeypound;Honeydip;Honey;NA;NA;NA;NA;20;36;Honey poundmeli;Pound
Sapo;W;Liberia;5.313575851;-8.780804882;Honey swab;Aerial honey;Honeyswab;Honeydip;Honey;NA;NA;NA;NA;22;36;Honey swab;Dip
Sapo;W;Liberia;5.313575851;-8.780804882;Honey whiskswat;Honey whiskswat;Honeywhiskswat;Honeydip;Honey;NA;NA;NA;NA;1;1;Honey whiskswat;Whisk
Sapo;W;Liberia;5.313575851;-8.780804882;Leafsponge;Leafsponge;Leafsponge;Leafsponge;Leaf;NA;NA;NA;NA;3;3;Leafsponge;Sponge
Sapo;W;Liberia;5.313575851;-8.780804882;Marrow pick;Marrow;Marrowpick;Marrowpick;Marrow;NA;NA;NA;NA;1;1;Marrow pick;Dip
Sapo;W;Liberia;5.313575851;-8.780804882;Nut branchanvil;Nut;Nutanvil;Nutcracking;Nut;0;NA;0;NA;9;9;Nut branchanvil;Smash
Sapo;W;Liberia;5.313575851;-8.780804882;Nut pick;Nut;Nutpick;Nutcracking;Nut;NA;NA;NA;NA;9;9;Nut pick;Dip
Sapo;W;Liberia;5.313575851;-8.780804882;Nut rootanvil;Nut;Nutanvil;Nutcracking;Nut;1;NA;2;NA;9;9;Nut rootanvil;Smash
Sapo;W;Liberia;5.313575851;-8.780804882;Nut stoneanvil;Nut;Nutanvil;Nutcracking;Nut;1;NA;2;NA;9;9;Nut stoneanvil;Smash
Sapo;W;Liberia;5.313575851;-8.780804882;Nut stonehammer;Nut;Nuthammer;Nutcracking;Nut;1;NA;2;NA;9;9;Nut stonehammer;Pound
Sapo;W;Liberia;5.313575851;-8.780804882;Nut woodhammer;Nut;Nuthammer;Nutcracking;Nut;0;NA;0;NA;9;9;Nut woodhammer;Pound
Sapo;W;Liberia;5.313575851;-8.780804882;Stone pound;Stonepound;Smash;Smash;Smash;NA;NA;NA;NA;1;1;Stone pound;Smash
Sapo;W;Liberia;5.313575851;-8.780804882;Termite fishing;Epigaiec termitefishing;Termitefish;Termitefish;Termite;NA;NA;NA;NA;12;18;Termite fishingepigaeic;Dip
Sapo;W;Liberia;5.313575851;-8.780804882;Termite fishing;Underground termitefishing;Termitefish;Termitedig;Termite;NA;NA;NA;NA;12;18;Termite fishingunder;Dip
Sapo;W;Liberia;5.313575851;-8.780804882;Termite perforating;Epigaiec termitefishing;Termiteperforate;Termitefish;Termite;NA;NA;NA;NA;10;18;Termite perforating;Perforate
Sapo;W;Liberia;5.313575851;-8.780804882;Termite puncturing;Underground termitefishing;Termitepuncture;Termitedig;Termite;NA;NA;NA;NA;10;18;Termite puncturing;Dig
Sapo;W;Liberia;5.313575851;-8.780804882;Wood pound;Woodpound;Smash;Smash;Smash;NA;NA;NA;NA;1;1;Wood pound;Smash
Tai;W;Cote dIvoire;5.8667;-7.3333;Ant dipping;Driver antnest;Antdip;Antdip;Ant;1;1;1;3;8;10;Ant dippingnest;Dip
Tai;W;Cote dIvoire;5.8667;-7.3333;Ant fishingprobe;Arboreal ants;Antfishing;Antfish;Ant;0;NA;NA;NA;7;7;Ant fishingprobe;Dip
Tai;W;Cote dIvoire;5.8667;-7.3333;Ant perforatingstick;Driver antnest;Antperforate;Antdip;Ant;0;NA;0;NA;6;10;Ant perforatingstick;Perforate
Tai;W;Cote dIvoire;5.8667;-7.3333;Honey dig;Underground honeydig;Honeydig;Honeydig;Honey;0;NA;0;NA;6;10;Honey dig;Perforate
Tai;W;Cote dIvoire;5.8667;-7.3333;Honey dip;Underground stinglessbee;Honeydip;Honeydig;Honey;0;NA;0;NA;8;12;Honey dipumeli;Dip
Tai;W;Cote dIvoire;5.8667;-7.3333;Honey dipaerial;Aerial honey;Honeydip;Honeydip;Honey;1;1;3;11;15;23;Honey dipapis;Dip
Tai;W;Cote dIvoire;5.8667;-7.3333;Honey lever;Aerial honey;Honeylever;Honeydip;Honey;1;1;3;11;13;23;Honey leverapis;Perforate
Tai;W;Cote dIvoire;5.8667;-7.3333;Honey perforate;Underground stinglessbee;Honeyperforate;Honeydig;Honey;0;NA;0;NA;8;12;Honey perforate;Dig
Tai;W;Cote dIvoire;5.8667;-7.3333;Honey pound;Aerial honey;Honeypound;Honeydip;Honey;0;NA;0;NA;20;36;Honey poundmeli;Pound
Tai;W;Cote dIvoire;5.8667;-7.3333;Honey swab;Aerial honey;Honeyswab;Honeydip;Honey;0;NA;NA;NA;22;36;Honey swab;Dip
Tai;W;Cote dIvoire;5.8667;-7.3333;Honey whiskswat;Honey whiskswat;Honeywhiskswat;Honeydip;Honey;0;NA;0;NA;1;1;Honey whiskswat;Whisk
Tai;W;Cote dIvoire;5.8667;-7.3333;Leafsponge;Leafsponge;Leafsponge;Leafsponge;Leaf;1;1;1;3;3;3;Leafsponge;Sponge
Tai;W;Cote dIvoire;5.8667;-7.3333;Marrow pick;Marrow;Marrowpick;Marrowpick;Marrow;1;0;1;1;1;1;Marrow pick;Dip
Tai;W;Cote dIvoire;5.8667;-7.3333;Nut branchanvil;Nut;Nutanvil;Nutcracking;Nut;1;0;3;9;9;9;Nut branchanvil;Smash
Tai;W;Cote dIvoire;5.8667;-7.3333;Nut pick;Nut;Nutpick;Nutcracking;Nut;1;0;3;9;9;9;Nut pick;Dip
Tai;W;Cote dIvoire;5.8667;-7.3333;Nut rootanvil;Nut;Nutanvil;Nutcracking;Nut;1;0;3;9;9;9;Nut rootanvil;Smash
Tai;W;Cote dIvoire;5.8667;-7.3333;Nut stoneanvil;Nut;Nutanvil;Nutcracking;Nut;1;0;3;9;9;9;Nut stoneanvil;Smash
Tai;W;Cote dIvoire;5.8667;-7.3333;Nut stonehammer;Nut;Nuthammer;Nutcracking;Nut;1;0;3;9;9;9;Nut stonehammer;Pound
Tai;W;Cote dIvoire;5.8667;-7.3333;Nut woodhammer;Nut;Nuthammer;Nutcracking;Nut;1;0;3;9;9;9;Nut woodhammer;Pound
Tai;W;Cote dIvoire;5.8667;-7.3333;Stone pound;Stonepound;Smash;Smash;Smash;1;0;1;1;1;1;Stone pound;Smash
Tai;W;Cote dIvoire;5.8667;-7.3333;Termite fishing;Epigaiec termitefishing;Termitefish;Termitefish;Termite;0;NA;NA;NA;12;18;Termite fishingepigaeic;Dip
Tai;W;Cote dIvoire;5.8667;-7.3333;Termite fishing;Underground termitefishing;Termitefish;Termitedig;Termite;0;NA;NA;NA;12;18;Termite fishingunder;Dip
Tai;W;Cote dIvoire;5.8667;-7.3333;Termite perforating;Epigaiec termitefishing;Termiteperforate;Termitefish;Termite;0;NA;NA;NA;10;18;Termite perforating;Perforate
Tai;W;Cote dIvoire;5.8667;-7.3333;Termite puncturing;Underground termitefishing;Termitepuncture;Termitedig;Termite;0;NA;NA;NA;10;18;Termite puncturing;Dig
Tai;W;Cote dIvoire;5.8667;-7.3333;Wood pound;Woodpound;Smash;Smash;Smash;1;0;1;1;1;1;Wood pound;Smash
